[
  {
    "session_id": "ffbc0373-8598-4661-a023-af6746e629a3",
    "transcript_path": "/Users/ashleytower/.claude/projects/-Users-ashleytower-Desktop-Agency-Business-Agency/ffbc0373-8598-4661-a023-af6746e629a3.jsonl",
    "cwd": "/private/tmp/playwright-extracted/playwright-skill",
    "permission_mode": "acceptEdits",
    "hook_event_name": "PostToolUse",
    "tool_name": "Bash",
    "tool_input": {
      "command": "cd /tmp/playwright-extracted/playwright-skill && zip -r /tmp/playwright-skill-simple.zip SKILL.md run.js package.json lib/",
      "description": "Repackage Playwright without parent folder"
    },
    "tool_response": {
      "stdout": "  adding: SKILL.md (deflated 67%)\n  adding: run.js (deflated 66%)\n  adding: package.json (deflated 49%)\n  adding: lib/ (stored 0%)\n  adding: lib/helpers.js (deflated 68%)",
      "stderr": "",
      "interrupted": false,
      "isImage": false
    }
  }
]